#!/usr/bin/env python
# coding: utf-8

import unittest
from jing.utils.text import slugify, abbreviate


class TestSlug(unittest.TestCase):
    def test_should_always_return_lowercase_words(self):
        self.assertEquals(slugify('ALVAROJUSTEN'), 'alvarojusten')

    def test_should_replace_space_with_dash(self):
        self.assertEquals(slugify('Alvaro Justen'), 'alvaro-justen')

    def test_should_ignore_unecessary_spaces(self):
        self.assertEquals(slugify('  alvaro   justen  '), 'alvaro-justen')

    def test_should_replace_nonascii_chars_with_corresponding_ascii_chrs(self):
        self.assertEquals(slugify('áÁàÀãÃâÂäÄ'.decode('utf8')), 'aaaaaaaaaa')
        self.assertEquals(slugify('éÉèÈẽẼêÊëË'.decode('utf8')), 'eeeeeeeeee')
        self.assertEquals(slugify('íÍìÌĩĨîÎïÏ'.decode('utf8')), 'iiiiiiiiii')
        self.assertEquals(slugify('óÓòÒõÕôÔöÖ'.decode('utf8')), 'oooooooooo')
        self.assertEquals(slugify('úÚùÙũŨûÛüÜ'.decode('utf8')), 'uuuuuuuuuu')
        self.assertEquals(slugify('ćĆĉĈçÇ'.decode('utf8')), 'cccccc')

    def test_should_accept_unicode_text(self):
        self.assertEquals(slugify(u'Álvaro Justen'), 'alvaro-justen')

    def test_should_accept_other_input_encodings(self):
        slugged_text = slugify(u'Álvaro Justen'.encode('utf16'), 'utf16')
        self.assertEquals(slugged_text, 'alvaro-justen')

    def test_should_accept_only_ascii_letters_and_numbers(self):
        slugged_text = slugify('''qwerty123456"'@#$%*()_+\|<>,.;:/?]~[`{}^ ''')
        self.assertEquals(slugged_text, 'qwerty123456')

    def test_should_accept_only_chars_in_permitted_chars_parameter(self):
        slugged_text = slugify('''0987654321gfdsazxcvb''',
                               permitted_chars='abc123')
        self.assertEquals(slugged_text, '321acb')


class TestAbbreviate(unittest.TestCase):
    def test_name_and_last_name_should_return_equal(self):
        name = 'Álvaro Justen'
        expected = 'Álvaro Justen'
        self.assertEquals(abbreviate(name), expected)

    def test_name_with_two_surnames_should_abbreviate_the_middle_one(self):
        name = 'Álvaro Fernandes Justen'
        expected = 'Álvaro F. Justen'
        self.assertEquals(abbreviate(name), expected)

    def test_three_surnames_should_abbreviate_the_two_in_the_middle(self):
        name = 'Álvaro Fernandes Abreu Justen'
        expected = 'Álvaro F. A. Justen'
        self.assertEquals(abbreviate(name), expected)

    def test_should_not_abbreviate_tiny_words(self):
        name = 'Álvaro Fernandes de Abreu Justen'
        expected = 'Álvaro F. de A. Justen'
        self.assertEquals(abbreviate(name), expected)
        name = 'Fulano da Costa e Silva'
        expected = 'Fulano da C. e Silva'
        self.assertEquals(abbreviate(name), expected)
        name = 'Fulano dos Santos'
        expected = 'Fulano dos Santos'
        self.assertEquals(abbreviate(name), expected)

    def test_should_not_abbreviate_next_surname_if_pretty_is_True(self):
        name = 'Álvaro Fernandes de Abreu Justen'
        expected = 'Álvaro F. de Abreu Justen'
        self.assertEquals(abbreviate(name, pretty=True), expected)
        name = 'Rafael da Costa Rodrigues Silva'
        expected = 'Rafael da Costa R. Silva'
        self.assertEquals(abbreviate(name, pretty=True), expected)
